Doc. No. (GL View),Posting date,Item Text,G/L Account,,Fund,Cost Center,,WBS Element,,Internal Order,,"Funds
Received",Fund Consumed
2600096964,03.11.2020,ILLAROO RD COS PAYMENT,522874,General Staff Traing,6100,1000/68448101,8448-ED DELIVERY,#,#,2001018971,NORTH SHOALHAVEN COS PROJECT,,"(6,720.00)"
2600096967,04.11.2020,CAMBEWARRA PS COS PAYMENT,522874,General Staff Traing,6100,1000/68448101,8448-ED DELIVERY,#,#,2001018971,NORTH SHOALHAVEN COS PROJECT,,"(4,000.00)"
2600096969,03.11.2020,KANGAROO VALLEY COS PAYMENT,522874,General Staff Traing,6100,1000/68448101,8448-ED DELIVERY,#,#,2001018971,NORTH SHOALHAVEN COS PROJECT,,(960.00)
2600096973,03.11.2020,NORTH NOWRA PS COS PAYMENT,522874,General Staff Traing,6100,1000/68448101,8448-ED DELIVERY,#,#,2001018971,NORTH SHOALHAVEN COS PROJECT,,"(4,160.00)"
2600096975,11.11.2020,BOMADERRY PS COS PAYMENT,522874,General Staff Traing,6100,1000/68448101,8448-ED DELIVERY,#,#,2001018971,NORTH SHOALHAVEN COS PROJECT,,"(7,040.00)"
2600097324,16.11.2020,SHOALHAVEN HEADS PS COS PAYMENT TO BOMADERRY HIGH,522874,General Staff Traing,6100,1000/68448101,8448-ED DELIVERY,#,#,2001018971,NORTH SHOALHAVEN COS PROJECT,,"(1,920.00)"
2600097326,16.11.2020,HAVENLEE COS PAYMENT TO BOMADERRY HIGH,522874,General Staff Traing,6100,1000/68448101,8448-ED DELIVERY,#,#,2001018971,NORTH SHOALHAVEN COS PROJECT,,"(2,720.00)"
3200174138,05.05.2020,*Trip from 11.02.20 To  11.02.20,522880,Meeting Exp Catering,6100,1000/68448101,8448-ED DELIVERY,#,#,2001018971,NORTH SHOALHAVEN COS PROJECT,,114.54
5303961060,03.11.2020,KERRY WILLIAMS INV-2 2.11.2020,522874,General Staff Traing,6100,1000/68448101,8448-ED DELIVERY,#,#,2001018971,NORTH SHOALHAVEN COS PROJECT,,"1,500.00"
6400093727,06.02.2020,#,500006,Teaching Salaries,6100,1000/68448101,8448-ED DELIVERY,#,#,2001018971,NORTH SHOALHAVEN COS PROJECT,,458.20
6400093727,06.02.2020,#,500044,Leave Load- Sch bsd,6100,1000/68448101,8448-ED DELIVERY,#,#,2001018971,NORTH SHOALHAVEN COS PROJECT,,6.15
6400093727,06.02.2020,#,503337,Super Defined Contbn,6100,1000/68448101,8448-ED DELIVERY,#,#,2001018971,NORTH SHOALHAVEN COS PROJECT,,49.80
6400093727,06.02.2020,#,504449,Payroll Tax,6100,1000/68448101,8448-ED DELIVERY,#,#,2001018971,NORTH SHOALHAVEN COS PROJECT,,24.95
6400093727,06.02.2020,#,504453,Payroll Tax Super DC,6100,1000/68448101,8448-ED DELIVERY,#,#,2001018971,NORTH SHOALHAVEN COS PROJECT,,2.40
6400094403,20.02.2020,#,500006,Teaching Salaries,6100,1000/68448101,8448-ED DELIVERY,#,#,2001018971,NORTH SHOALHAVEN COS PROJECT,,440.76
6400094403,20.02.2020,#,500044,Leave Load- Sch bsd,6100,1000/68448101,8448-ED DELIVERY,#,#,2001018971,NORTH SHOALHAVEN COS PROJECT,,5.91
6400094403,20.02.2020,#,503337,Super Defined Contbn,6100,1000/68448101,8448-ED DELIVERY,#,#,2001018971,NORTH SHOALHAVEN COS PROJECT,,47.91
6400094403,20.02.2020,#,504449,Payroll Tax,6100,1000/68448101,8448-ED DELIVERY,#,#,2001018971,NORTH SHOALHAVEN COS PROJECT,,24.02
6400094403,20.02.2020,#,504453,Payroll Tax Super DC,6100,1000/68448101,8448-ED DELIVERY,#,#,2001018971,NORTH SHOALHAVEN COS PROJECT,,2.29
6400095370,20.02.2020,#,500006,Teaching Salaries,6100,1000/68448101,8448-ED DELIVERY,#,#,2001018971,NORTH SHOALHAVEN COS PROJECT,,824.76
6400095370,20.02.2020,#,500044,Leave Load- Sch bsd,6100,1000/68448101,8448-ED DELIVERY,#,#,2001018971,NORTH SHOALHAVEN COS PROJECT,,12.30
6400095370,20.02.2020,#,500046,Sick Leave,6100,1000/68448101,8448-ED DELIVERY,#,#,2001018971,NORTH SHOALHAVEN COS PROJECT,,91.64
6400095370,20.02.2020,#,503337,Super Defined Contbn,6100,1000/68448101,8448-ED DELIVERY,#,#,2001018971,NORTH SHOALHAVEN COS PROJECT,,99.60
6400095370,20.02.2020,#,504449,Payroll Tax,6100,1000/68448101,8448-ED DELIVERY,#,#,2001018971,NORTH SHOALHAVEN COS PROJECT,,49.90
6400095370,20.02.2020,#,504453,Payroll Tax Super DC,6100,1000/68448101,8448-ED DELIVERY,#,#,2001018971,NORTH SHOALHAVEN COS PROJECT,,4.80
6400096782,05.03.2020,#,500006,Teaching Salaries,6100,1000/68448101,8448-ED DELIVERY,#,#,2001018971,NORTH SHOALHAVEN COS PROJECT,,440.76
6400096782,05.03.2020,#,500044,Leave Load- Sch bsd,6100,1000/68448101,8448-ED DELIVERY,#,#,2001018971,NORTH SHOALHAVEN COS PROJECT,,5.91
6400096782,05.03.2020,#,503337,Super Defined Contbn,6100,1000/68448101,8448-ED DELIVERY,#,#,2001018971,NORTH SHOALHAVEN COS PROJECT,,47.91
6400096782,05.03.2020,#,504449,Payroll Tax,6100,1000/68448101,8448-ED DELIVERY,#,#,2001018971,NORTH SHOALHAVEN COS PROJECT,,24.02
6400096782,05.03.2020,#,504453,Payroll Tax Super DC,6100,1000/68448101,8448-ED DELIVERY,#,#,2001018971,NORTH SHOALHAVEN COS PROJECT,,2.29
6400097592,05.03.2020,#,500006,Teaching Salaries,6100,1000/68448101,8448-ED DELIVERY,#,#,2001018971,NORTH SHOALHAVEN COS PROJECT,,916.40
6400097592,05.03.2020,#,500044,Leave Load- Sch bsd,6100,1000/68448101,8448-ED DELIVERY,#,#,2001018971,NORTH SHOALHAVEN COS PROJECT,,12.30
6400097592,05.03.2020,#,503337,Super Defined Contbn,6100,1000/68448101,8448-ED DELIVERY,#,#,2001018971,NORTH SHOALHAVEN COS PROJECT,,99.60
6400097592,05.03.2020,#,504449,Payroll Tax,6100,1000/68448101,8448-ED DELIVERY,#,#,2001018971,NORTH SHOALHAVEN COS PROJECT,,49.90
6400097592,05.03.2020,#,504453,Payroll Tax Super DC,6100,1000/68448101,8448-ED DELIVERY,#,#,2001018971,NORTH SHOALHAVEN COS PROJECT,,4.80
6400097597,05.03.2020,#,500007,SASS Salaries,6100,1000/68448101,8448-ED DELIVERY,#,#,2001018971,NORTH SHOALHAVEN COS PROJECT,,227.91
6400097597,05.03.2020,#,500044,Leave Load- Sch bsd,6100,1000/68448101,8448-ED DELIVERY,#,#,2001018971,NORTH SHOALHAVEN COS PROJECT,,3.06
6400097597,05.03.2020,#,503337,Super Defined Contbn,6100,1000/68448101,8448-ED DELIVERY,#,#,2001018971,NORTH SHOALHAVEN COS PROJECT,,24.78
6400097597,05.03.2020,#,504449,Payroll Tax,6100,1000/68448101,8448-ED DELIVERY,#,#,2001018971,NORTH SHOALHAVEN COS PROJECT,,12.42
6400097597,05.03.2020,#,504453,Payroll Tax Super DC,6100,1000/68448101,8448-ED DELIVERY,#,#,2001018971,NORTH SHOALHAVEN COS PROJECT,,1.20
6400102745,19.03.2020,#,500006,Teaching Salaries,6100,1000/68448101,8448-ED DELIVERY,#,#,2001018971,NORTH SHOALHAVEN COS PROJECT,,440.76
6400102745,19.03.2020,#,500044,Leave Load- Sch bsd,6100,1000/68448101,8448-ED DELIVERY,#,#,2001018971,NORTH SHOALHAVEN COS PROJECT,,5.91
6400102745,19.03.2020,#,503337,Super Defined Contbn,6100,1000/68448101,8448-ED DELIVERY,#,#,2001018971,NORTH SHOALHAVEN COS PROJECT,,47.91
6400102745,19.03.2020,#,504449,Payroll Tax,6100,1000/68448101,8448-ED DELIVERY,#,#,2001018971,NORTH SHOALHAVEN COS PROJECT,,24.02
6400102745,19.03.2020,#,504453,Payroll Tax Super DC,6100,1000/68448101,8448-ED DELIVERY,#,#,2001018971,NORTH SHOALHAVEN COS PROJECT,,2.29
6400103212,19.03.2020,#,500007,SASS Salaries,6100,1000/68448101,8448-ED DELIVERY,#,#,2001018971,NORTH SHOALHAVEN COS PROJECT,,227.94
6400103212,19.03.2020,#,500044,Leave Load- Sch bsd,6100,1000/68448101,8448-ED DELIVERY,#,#,2001018971,NORTH SHOALHAVEN COS PROJECT,,3.06
6400103212,19.03.2020,#,503337,Super Defined Contbn,6100,1000/68448101,8448-ED DELIVERY,#,#,2001018971,NORTH SHOALHAVEN COS PROJECT,,24.78
6400103212,19.03.2020,#,504449,Payroll Tax,6100,1000/68448101,8448-ED DELIVERY,#,#,2001018971,NORTH SHOALHAVEN COS PROJECT,,12.42
6400103212,19.03.2020,#,504453,Payroll Tax Super DC,6100,1000/68448101,8448-ED DELIVERY,#,#,2001018971,NORTH SHOALHAVEN COS PROJECT,,1.20
6400104860,19.03.2020,#,500006,Teaching Salaries,6100,1000/68448101,8448-ED DELIVERY,#,#,2001018971,NORTH SHOALHAVEN COS PROJECT,,881.52
6400104860,19.03.2020,#,500044,Leave Load- Sch bsd,6100,1000/68448101,8448-ED DELIVERY,#,#,2001018971,NORTH SHOALHAVEN COS PROJECT,,11.82
6400104860,19.03.2020,#,503337,Super Defined Contbn,6100,1000/68448101,8448-ED DELIVERY,#,#,2001018971,NORTH SHOALHAVEN COS PROJECT,,95.82
6400104860,19.03.2020,#,504449,Payroll Tax,6100,1000/68448101,8448-ED DELIVERY,#,#,2001018971,NORTH SHOALHAVEN COS PROJECT,,48.04
6400104860,19.03.2020,#,504453,Payroll Tax Super DC,6100,1000/68448101,8448-ED DELIVERY,#,#,2001018971,NORTH SHOALHAVEN COS PROJECT,,4.58
6400105717,02.04.2020,#,500006,Teaching Salaries,6100,1000/68448101,8448-ED DELIVERY,#,#,2001018971,NORTH SHOALHAVEN COS PROJECT,,881.48
6400105717,02.04.2020,#,500044,Leave Load- Sch bsd,6100,1000/68448101,8448-ED DELIVERY,#,#,2001018971,NORTH SHOALHAVEN COS PROJECT,,11.81
6400105717,02.04.2020,#,503337,Super Defined Contbn,6100,1000/68448101,8448-ED DELIVERY,#,#,2001018971,NORTH SHOALHAVEN COS PROJECT,,95.81
6400105717,02.04.2020,#,504449,Payroll Tax,6100,1000/68448101,8448-ED DELIVERY,#,#,2001018971,NORTH SHOALHAVEN COS PROJECT,,48.03
6400105717,02.04.2020,#,504453,Payroll Tax Super DC,6100,1000/68448101,8448-ED DELIVERY,#,#,2001018971,NORTH SHOALHAVEN COS PROJECT,,4.58
6400106185,02.04.2020,#,500007,SASS Salaries,6100,1000/68448101,8448-ED DELIVERY,#,#,2001018971,NORTH SHOALHAVEN COS PROJECT,,569.85
6400106185,02.04.2020,#,500044,Leave Load- Sch bsd,6100,1000/68448101,8448-ED DELIVERY,#,#,2001018971,NORTH SHOALHAVEN COS PROJECT,,7.65
6400106185,02.04.2020,#,503337,Super Defined Contbn,6100,1000/68448101,8448-ED DELIVERY,#,#,2001018971,NORTH SHOALHAVEN COS PROJECT,,61.95
6400106185,02.04.2020,#,504449,Payroll Tax,6100,1000/68448101,8448-ED DELIVERY,#,#,2001018971,NORTH SHOALHAVEN COS PROJECT,,31.05
6400106185,02.04.2020,#,504453,Payroll Tax Super DC,6100,1000/68448101,8448-ED DELIVERY,#,#,2001018971,NORTH SHOALHAVEN COS PROJECT,,3.00
6400107631,16.04.2020,#,500006,Teaching Salaries,6100,1000/68448101,8448-ED DELIVERY,#,#,2001018971,NORTH SHOALHAVEN COS PROJECT,,440.73
6400107631,16.04.2020,#,500044,Leave Load- Sch bsd,6100,1000/68448101,8448-ED DELIVERY,#,#,2001018971,NORTH SHOALHAVEN COS PROJECT,,5.91
6400107631,16.04.2020,#,503337,Super Defined Contbn,6100,1000/68448101,8448-ED DELIVERY,#,#,2001018971,NORTH SHOALHAVEN COS PROJECT,,47.91
6400107631,16.04.2020,#,504449,Payroll Tax,6100,1000/68448101,8448-ED DELIVERY,#,#,2001018971,NORTH SHOALHAVEN COS PROJECT,,24.03
6400107631,16.04.2020,#,504453,Payroll Tax Super DC,6100,1000/68448101,8448-ED DELIVERY,#,#,2001018971,NORTH SHOALHAVEN COS PROJECT,,2.28
6400109648,30.04.2020,#,500006,Teaching Salaries,6100,1000/68448101,8448-ED DELIVERY,#,#,2001018971,NORTH SHOALHAVEN COS PROJECT,,366.56
6400109648,30.04.2020,#,500044,Leave Load- Sch bsd,6100,1000/68448101,8448-ED DELIVERY,#,#,2001018971,NORTH SHOALHAVEN COS PROJECT,,4.92
6400109648,30.04.2020,#,503337,Super Defined Contbn,6100,1000/68448101,8448-ED DELIVERY,#,#,2001018971,NORTH SHOALHAVEN COS PROJECT,,39.84
6400109648,30.04.2020,#,504449,Payroll Tax,6100,1000/68448101,8448-ED DELIVERY,#,#,2001018971,NORTH SHOALHAVEN COS PROJECT,,19.96
6400109648,30.04.2020,#,504453,Payroll Tax Super DC,6100,1000/68448101,8448-ED DELIVERY,#,#,2001018971,NORTH SHOALHAVEN COS PROJECT,,1.92
6400110640,14.05.2020,#,500006,Teaching Salaries,6100,1000/68448101,8448-ED DELIVERY,#,#,2001018971,NORTH SHOALHAVEN COS PROJECT,,916.40
6400110640,14.05.2020,#,500044,Leave Load- Sch bsd,6100,1000/68448101,8448-ED DELIVERY,#,#,2001018971,NORTH SHOALHAVEN COS PROJECT,,12.30
6400110640,14.05.2020,#,503337,Super Defined Contbn,6100,1000/68448101,8448-ED DELIVERY,#,#,2001018971,NORTH SHOALHAVEN COS PROJECT,,99.60
6400110640,14.05.2020,#,504449,Payroll Tax,6100,1000/68448101,8448-ED DELIVERY,#,#,2001018971,NORTH SHOALHAVEN COS PROJECT,,49.90
6400110640,14.05.2020,#,504453,Payroll Tax Super DC,6100,1000/68448101,8448-ED DELIVERY,#,#,2001018971,NORTH SHOALHAVEN COS PROJECT,,4.80
6400111746,28.05.2020,#,500006,Teaching Salaries,6100,1000/68448101,8448-ED DELIVERY,#,#,2001018971,NORTH SHOALHAVEN COS PROJECT,,916.40
6400111746,28.05.2020,#,500044,Leave Load- Sch bsd,6100,1000/68448101,8448-ED DELIVERY,#,#,2001018971,NORTH SHOALHAVEN COS PROJECT,,12.30
6400111746,28.05.2020,#,503337,Super Defined Contbn,6100,1000/68448101,8448-ED DELIVERY,#,#,2001018971,NORTH SHOALHAVEN COS PROJECT,,99.60
6400111746,28.05.2020,#,504449,Payroll Tax,6100,1000/68448101,8448-ED DELIVERY,#,#,2001018971,NORTH SHOALHAVEN COS PROJECT,,49.90
6400111746,28.05.2020,#,504453,Payroll Tax Super DC,6100,1000/68448101,8448-ED DELIVERY,#,#,2001018971,NORTH SHOALHAVEN COS PROJECT,,4.80
6400115496,11.06.2020,#,500006,Teaching Salaries,6100,1000/68448101,8448-ED DELIVERY,#,#,2001018971,NORTH SHOALHAVEN COS PROJECT,,824.76
6400115496,11.06.2020,#,500044,Leave Load- Sch bsd,6100,1000/68448101,8448-ED DELIVERY,#,#,2001018971,NORTH SHOALHAVEN COS PROJECT,,11.07
6400115496,11.06.2020,#,503337,Super Defined Contbn,6100,1000/68448101,8448-ED DELIVERY,#,#,2001018971,NORTH SHOALHAVEN COS PROJECT,,89.64
6400115496,11.06.2020,#,504449,Payroll Tax,6100,1000/68448101,8448-ED DELIVERY,#,#,2001018971,NORTH SHOALHAVEN COS PROJECT,,44.91
6400115496,11.06.2020,#,504453,Payroll Tax Super DC,6100,1000/68448101,8448-ED DELIVERY,#,#,2001018971,NORTH SHOALHAVEN COS PROJECT,,4.32
6400116373,25.06.2020,#,500006,Teaching Salaries,6100,1000/68448101,8448-ED DELIVERY,#,#,2001018971,NORTH SHOALHAVEN COS PROJECT,,916.40
6400116373,25.06.2020,#,500044,Leave Load- Sch bsd,6100,1000/68448101,8448-ED DELIVERY,#,#,2001018971,NORTH SHOALHAVEN COS PROJECT,,12.30
6400116373,25.06.2020,#,503337,Super Defined Contbn,6100,1000/68448101,8448-ED DELIVERY,#,#,2001018971,NORTH SHOALHAVEN COS PROJECT,,99.60
6400116373,25.06.2020,#,504449,Payroll Tax,6100,1000/68448101,8448-ED DELIVERY,#,#,2001018971,NORTH SHOALHAVEN COS PROJECT,,49.90
6400116373,25.06.2020,#,504453,Payroll Tax Super DC,6100,1000/68448101,8448-ED DELIVERY,#,#,2001018971,NORTH SHOALHAVEN COS PROJECT,,4.80
6400118425,09.07.2020,#,500006,Teaching Salaries,6100,1000/68448101,8448-ED DELIVERY,#,#,2001018971,NORTH SHOALHAVEN COS PROJECT,,549.84
6400118425,09.07.2020,#,500044,Leave Load- Sch bsd,6100,1000/68448101,8448-ED DELIVERY,#,#,2001018971,NORTH SHOALHAVEN COS PROJECT,,7.38
6400118425,09.07.2020,#,503337,Super Defined Contbn,6100,1000/68448101,8448-ED DELIVERY,#,#,2001018971,NORTH SHOALHAVEN COS PROJECT,,59.76
6400118425,09.07.2020,#,504449,Payroll Tax,6100,1000/68448101,8448-ED DELIVERY,#,#,2001018971,NORTH SHOALHAVEN COS PROJECT,,29.94
6400118425,09.07.2020,#,504453,Payroll Tax Super DC,6100,1000/68448101,8448-ED DELIVERY,#,#,2001018971,NORTH SHOALHAVEN COS PROJECT,,2.88
6400119607,23.07.2020,#,500006,Teaching Salaries,6100,1000/68448101,8448-ED DELIVERY,#,#,2001018971,NORTH SHOALHAVEN COS PROJECT,,366.56
6400119607,23.07.2020,#,500044,Leave Load- Sch bsd,6100,1000/68448101,8448-ED DELIVERY,#,#,2001018971,NORTH SHOALHAVEN COS PROJECT,,4.92
6400119607,23.07.2020,#,503337,Super Defined Contbn,6100,1000/68448101,8448-ED DELIVERY,#,#,2001018971,NORTH SHOALHAVEN COS PROJECT,,39.84
6400119607,23.07.2020,#,504449,Payroll Tax,6100,1000/68448101,8448-ED DELIVERY,#,#,2001018971,NORTH SHOALHAVEN COS PROJECT,,19.96
6400119607,23.07.2020,#,504453,Payroll Tax Super DC,6100,1000/68448101,8448-ED DELIVERY,#,#,2001018971,NORTH SHOALHAVEN COS PROJECT,,1.92
6400122459,06.08.2020,#,500006,Teaching Salaries,6100,1000/68448101,8448-ED DELIVERY,#,#,2001018971,NORTH SHOALHAVEN COS PROJECT,,916.40
6400122459,06.08.2020,#,500044,Leave Load- Sch bsd,6100,1000/68448101,8448-ED DELIVERY,#,#,2001018971,NORTH SHOALHAVEN COS PROJECT,,12.30
6400122459,06.08.2020,#,503337,Super Defined Contbn,6100,1000/68448101,8448-ED DELIVERY,#,#,2001018971,NORTH SHOALHAVEN COS PROJECT,,99.60
6400122459,06.08.2020,#,504449,Payroll Tax,6100,1000/68448101,8448-ED DELIVERY,#,#,2001018971,NORTH SHOALHAVEN COS PROJECT,,49.90
6400122459,06.08.2020,#,504453,Payroll Tax Super DC,6100,1000/68448101,8448-ED DELIVERY,#,#,2001018971,NORTH SHOALHAVEN COS PROJECT,,4.80
6400123444,20.08.2020,#,500006,Teaching Salaries,6100,1000/68448101,8448-ED DELIVERY,#,#,2001018971,NORTH SHOALHAVEN COS PROJECT,,824.76
6400123444,20.08.2020,#,500044,Leave Load- Sch bsd,6100,1000/68448101,8448-ED DELIVERY,#,#,2001018971,NORTH SHOALHAVEN COS PROJECT,,12.30
6400123444,20.08.2020,#,500046,Sick Leave,6100,1000/68448101,8448-ED DELIVERY,#,#,2001018971,NORTH SHOALHAVEN COS PROJECT,,91.64
6400123444,20.08.2020,#,503337,Super Defined Contbn,6100,1000/68448101,8448-ED DELIVERY,#,#,2001018971,NORTH SHOALHAVEN COS PROJECT,,99.60
6400123444,20.08.2020,#,504449,Payroll Tax,6100,1000/68448101,8448-ED DELIVERY,#,#,2001018971,NORTH SHOALHAVEN COS PROJECT,,49.90
6400123444,20.08.2020,#,504453,Payroll Tax Super DC,6100,1000/68448101,8448-ED DELIVERY,#,#,2001018971,NORTH SHOALHAVEN COS PROJECT,,4.80
6400124394,20.08.2020,#,500007,SASS Salaries,6100,1000/68448101,8448-ED DELIVERY,#,#,2001018971,NORTH SHOALHAVEN COS PROJECT,,116.82
6400124394,20.08.2020,#,500044,Leave Load- Sch bsd,6100,1000/68448101,8448-ED DELIVERY,#,#,2001018971,NORTH SHOALHAVEN COS PROJECT,,1.57
6400124394,20.08.2020,#,503337,Super Defined Contbn,6100,1000/68448101,8448-ED DELIVERY,#,#,2001018971,NORTH SHOALHAVEN COS PROJECT,,12.70
6400124394,20.08.2020,#,504449,Payroll Tax,6100,1000/68448101,8448-ED DELIVERY,#,#,2001018971,NORTH SHOALHAVEN COS PROJECT,,6.37
6400124394,20.08.2020,#,504453,Payroll Tax Super DC,6100,1000/68448101,8448-ED DELIVERY,#,#,2001018971,NORTH SHOALHAVEN COS PROJECT,,0.61
6400125923,03.09.2020,#,500006,Teaching Salaries,6100,1000/68448101,8448-ED DELIVERY,#,#,2001018971,NORTH SHOALHAVEN COS PROJECT,,440.76
6400125923,03.09.2020,#,500044,Leave Load- Sch bsd,6100,1000/68448101,8448-ED DELIVERY,#,#,2001018971,NORTH SHOALHAVEN COS PROJECT,,5.91
6400125923,03.09.2020,#,503337,Super Defined Contbn,6100,1000/68448101,8448-ED DELIVERY,#,#,2001018971,NORTH SHOALHAVEN COS PROJECT,,47.91
6400125923,03.09.2020,#,504449,Payroll Tax,6100,1000/68448101,8448-ED DELIVERY,#,#,2001018971,NORTH SHOALHAVEN COS PROJECT,,24.02
6400125923,03.09.2020,#,504453,Payroll Tax Super DC,6100,1000/68448101,8448-ED DELIVERY,#,#,2001018971,NORTH SHOALHAVEN COS PROJECT,,2.29
6400126084,03.09.2020,#,500007,SASS Salaries,6100,1000/68448101,8448-ED DELIVERY,#,#,2001018971,NORTH SHOALHAVEN COS PROJECT,,350.46
6400126084,03.09.2020,#,500044,Leave Load- Sch bsd,6100,1000/68448101,8448-ED DELIVERY,#,#,2001018971,NORTH SHOALHAVEN COS PROJECT,,4.71
6400126084,03.09.2020,#,503337,Super Defined Contbn,6100,1000/68448101,8448-ED DELIVERY,#,#,2001018971,NORTH SHOALHAVEN COS PROJECT,,38.10
6400126084,03.09.2020,#,504449,Payroll Tax,6100,1000/68448101,8448-ED DELIVERY,#,#,2001018971,NORTH SHOALHAVEN COS PROJECT,,19.11
6400126084,03.09.2020,#,504453,Payroll Tax Super DC,6100,1000/68448101,8448-ED DELIVERY,#,#,2001018971,NORTH SHOALHAVEN COS PROJECT,,1.83
6400126339,03.09.2020,#,500006,Teaching Salaries,6100,1000/68448101,8448-ED DELIVERY,#,#,2001018971,NORTH SHOALHAVEN COS PROJECT,,916.40
6400126339,03.09.2020,#,500044,Leave Load- Sch bsd,6100,1000/68448101,8448-ED DELIVERY,#,#,2001018971,NORTH SHOALHAVEN COS PROJECT,,12.30
6400126339,03.09.2020,#,503337,Super Defined Contbn,6100,1000/68448101,8448-ED DELIVERY,#,#,2001018971,NORTH SHOALHAVEN COS PROJECT,,99.60
6400126339,03.09.2020,#,504449,Payroll Tax,6100,1000/68448101,8448-ED DELIVERY,#,#,2001018971,NORTH SHOALHAVEN COS PROJECT,,49.90
6400126339,03.09.2020,#,504453,Payroll Tax Super DC,6100,1000/68448101,8448-ED DELIVERY,#,#,2001018971,NORTH SHOALHAVEN COS PROJECT,,4.80
6400127824,17.09.2020,#,500006,Teaching Salaries,6100,1000/68448101,8448-ED DELIVERY,#,#,2001018971,NORTH SHOALHAVEN COS PROJECT,,916.40
6400127824,17.09.2020,#,500044,Leave Load- Sch bsd,6100,1000/68448101,8448-ED DELIVERY,#,#,2001018971,NORTH SHOALHAVEN COS PROJECT,,12.30
6400127824,17.09.2020,#,503337,Super Defined Contbn,6100,1000/68448101,8448-ED DELIVERY,#,#,2001018971,NORTH SHOALHAVEN COS PROJECT,,99.60
6400127824,17.09.2020,#,504449,Payroll Tax,6100,1000/68448101,8448-ED DELIVERY,#,#,2001018971,NORTH SHOALHAVEN COS PROJECT,,49.90
6400127824,17.09.2020,#,504453,Payroll Tax Super DC,6100,1000/68448101,8448-ED DELIVERY,#,#,2001018971,NORTH SHOALHAVEN COS PROJECT,,4.80
6400128473,17.09.2020,#,500007,SASS Salaries,6100,1000/68448101,8448-ED DELIVERY,#,#,2001018971,NORTH SHOALHAVEN COS PROJECT,,233.64
6400128473,17.09.2020,#,500044,Leave Load- Sch bsd,6100,1000/68448101,8448-ED DELIVERY,#,#,2001018971,NORTH SHOALHAVEN COS PROJECT,,3.14
6400128473,17.09.2020,#,503337,Super Defined Contbn,6100,1000/68448101,8448-ED DELIVERY,#,#,2001018971,NORTH SHOALHAVEN COS PROJECT,,25.40
6400128473,17.09.2020,#,504449,Payroll Tax,6100,1000/68448101,8448-ED DELIVERY,#,#,2001018971,NORTH SHOALHAVEN COS PROJECT,,12.74
6400128473,17.09.2020,#,504453,Payroll Tax Super DC,6100,1000/68448101,8448-ED DELIVERY,#,#,2001018971,NORTH SHOALHAVEN COS PROJECT,,1.22
6400129924,01.10.2020,#,500006,Teaching Salaries,6100,1000/68448101,8448-ED DELIVERY,#,#,2001018971,NORTH SHOALHAVEN COS PROJECT,,549.84
6400129924,01.10.2020,#,500044,Leave Load- Sch bsd,6100,1000/68448101,8448-ED DELIVERY,#,#,2001018971,NORTH SHOALHAVEN COS PROJECT,,7.38
6400129924,01.10.2020,#,503337,Super Defined Contbn,6100,1000/68448101,8448-ED DELIVERY,#,#,2001018971,NORTH SHOALHAVEN COS PROJECT,,59.76
6400129924,01.10.2020,#,504449,Payroll Tax,6100,1000/68448101,8448-ED DELIVERY,#,#,2001018971,NORTH SHOALHAVEN COS PROJECT,,29.94
6400129924,01.10.2020,#,504453,Payroll Tax Super DC,6100,1000/68448101,8448-ED DELIVERY,#,#,2001018971,NORTH SHOALHAVEN COS PROJECT,,2.88
6400130718,01.10.2020,#,500007,SASS Salaries,6100,1000/68448101,8448-ED DELIVERY,#,#,2001018971,NORTH SHOALHAVEN COS PROJECT,,350.46
6400130718,01.10.2020,#,500044,Leave Load- Sch bsd,6100,1000/68448101,8448-ED DELIVERY,#,#,2001018971,NORTH SHOALHAVEN COS PROJECT,,4.71
6400130718,01.10.2020,#,503337,Super Defined Contbn,6100,1000/68448101,8448-ED DELIVERY,#,#,2001018971,NORTH SHOALHAVEN COS PROJECT,,38.10
6400130718,01.10.2020,#,504449,Payroll Tax,6100,1000/68448101,8448-ED DELIVERY,#,#,2001018971,NORTH SHOALHAVEN COS PROJECT,,19.11
6400130718,01.10.2020,#,504453,Payroll Tax Super DC,6100,1000/68448101,8448-ED DELIVERY,#,#,2001018971,NORTH SHOALHAVEN COS PROJECT,,1.83
6400131235,15.10.2020,#,500006,Teaching Salaries,6100,1000/68448101,8448-ED DELIVERY,#,#,2001018971,NORTH SHOALHAVEN COS PROJECT,,366.56
6400131235,15.10.2020,#,500044,Leave Load- Sch bsd,6100,1000/68448101,8448-ED DELIVERY,#,#,2001018971,NORTH SHOALHAVEN COS PROJECT,,4.92
6400131235,15.10.2020,#,503337,Super Defined Contbn,6100,1000/68448101,8448-ED DELIVERY,#,#,2001018971,NORTH SHOALHAVEN COS PROJECT,,39.84
6400131235,15.10.2020,#,504449,Payroll Tax,6100,1000/68448101,8448-ED DELIVERY,#,#,2001018971,NORTH SHOALHAVEN COS PROJECT,,19.96
6400131235,15.10.2020,#,504453,Payroll Tax Super DC,6100,1000/68448101,8448-ED DELIVERY,#,#,2001018971,NORTH SHOALHAVEN COS PROJECT,,1.92
6400132379,29.10.2020,#,500007,SASS Salaries,6100,1000/68448101,8448-ED DELIVERY,#,#,2001018971,NORTH SHOALHAVEN COS PROJECT,,233.64
6400132379,29.10.2020,#,500044,Leave Load- Sch bsd,6100,1000/68448101,8448-ED DELIVERY,#,#,2001018971,NORTH SHOALHAVEN COS PROJECT,,3.14
6400132379,29.10.2020,#,503337,Super Defined Contbn,6100,1000/68448101,8448-ED DELIVERY,#,#,2001018971,NORTH SHOALHAVEN COS PROJECT,,25.40
6400132379,29.10.2020,#,504449,Payroll Tax,6100,1000/68448101,8448-ED DELIVERY,#,#,2001018971,NORTH SHOALHAVEN COS PROJECT,,12.74
6400132379,29.10.2020,#,504453,Payroll Tax Super DC,6100,1000/68448101,8448-ED DELIVERY,#,#,2001018971,NORTH SHOALHAVEN COS PROJECT,,1.22
6400134227,29.10.2020,#,500006,Teaching Salaries,6100,1000/68448101,8448-ED DELIVERY,#,#,2001018971,NORTH SHOALHAVEN COS PROJECT,,(91.64)
6400134227,29.10.2020,#,500046,Sick Leave,6100,1000/68448101,8448-ED DELIVERY,#,#,2001018971,NORTH SHOALHAVEN COS PROJECT,,91.64
6500026317,01.02.2020,#,500006,Teaching Salaries,6100,1000/68448101,8448-ED DELIVERY,#,#,2001018971,NORTH SHOALHAVEN COS PROJECT,,494.88
6500026317,01.02.2020,#,500044,Leave Load- Sch bsd,6100,1000/68448101,8448-ED DELIVERY,#,#,2001018971,NORTH SHOALHAVEN COS PROJECT,,6.66
6500026317,01.02.2020,#,503337,Super Defined Contbn,6100,1000/68448101,8448-ED DELIVERY,#,#,2001018971,NORTH SHOALHAVEN COS PROJECT,,53.82
6500026317,01.02.2020,#,504449,Payroll Tax,6100,1000/68448101,8448-ED DELIVERY,#,#,2001018971,NORTH SHOALHAVEN COS PROJECT,,27.00
6500026317,01.02.2020,#,504453,Payroll Tax Super DC,6100,1000/68448101,8448-ED DELIVERY,#,#,2001018971,NORTH SHOALHAVEN COS PROJECT,,2.58
6500026634,01.03.2020,#,500006,Teaching Salaries,6100,1000/68448101,8448-ED DELIVERY,#,#,2001018971,NORTH SHOALHAVEN COS PROJECT,,(494.88)
6500026634,01.03.2020,#,500044,Leave Load- Sch bsd,6100,1000/68448101,8448-ED DELIVERY,#,#,2001018971,NORTH SHOALHAVEN COS PROJECT,,(6.66)
6500026634,01.03.2020,#,503337,Super Defined Contbn,6100,1000/68448101,8448-ED DELIVERY,#,#,2001018971,NORTH SHOALHAVEN COS PROJECT,,(53.82)
6500026634,01.03.2020,#,504449,Payroll Tax,6100,1000/68448101,8448-ED DELIVERY,#,#,2001018971,NORTH SHOALHAVEN COS PROJECT,,(27.00)
6500026634,01.03.2020,#,504453,Payroll Tax Super DC,6100,1000/68448101,8448-ED DELIVERY,#,#,2001018971,NORTH SHOALHAVEN COS PROJECT,,(2.58)
6500032101,01.05.2020,#,500006,Teaching Salaries,6100,1000/68448101,8448-ED DELIVERY,#,#,2001018971,NORTH SHOALHAVEN COS PROJECT,,91.64
6500032101,01.05.2020,#,500044,Leave Load- Sch bsd,6100,1000/68448101,8448-ED DELIVERY,#,#,2001018971,NORTH SHOALHAVEN COS PROJECT,,1.23
6500032101,01.05.2020,#,503337,Super Defined Contbn,6100,1000/68448101,8448-ED DELIVERY,#,#,2001018971,NORTH SHOALHAVEN COS PROJECT,,9.96
6500032101,01.05.2020,#,504449,Payroll Tax,6100,1000/68448101,8448-ED DELIVERY,#,#,2001018971,NORTH SHOALHAVEN COS PROJECT,,4.99
6500032101,01.05.2020,#,504453,Payroll Tax Super DC,6100,1000/68448101,8448-ED DELIVERY,#,#,2001018971,NORTH SHOALHAVEN COS PROJECT,,0.48
6500032417,01.06.2020,#,500006,Teaching Salaries,6100,1000/68448101,8448-ED DELIVERY,#,#,2001018971,NORTH SHOALHAVEN COS PROJECT,,(91.64)
6500032417,01.06.2020,#,500044,Leave Load- Sch bsd,6100,1000/68448101,8448-ED DELIVERY,#,#,2001018971,NORTH SHOALHAVEN COS PROJECT,,(1.23)
6500032417,01.06.2020,#,503337,Super Defined Contbn,6100,1000/68448101,8448-ED DELIVERY,#,#,2001018971,NORTH SHOALHAVEN COS PROJECT,,(9.96)
6500032417,01.06.2020,#,504449,Payroll Tax,6100,1000/68448101,8448-ED DELIVERY,#,#,2001018971,NORTH SHOALHAVEN COS PROJECT,,(4.99)
6500032417,01.06.2020,#,504453,Payroll Tax Super DC,6100,1000/68448101,8448-ED DELIVERY,#,#,2001018971,NORTH SHOALHAVEN COS PROJECT,,(0.48)
6500034145,01.06.2020,#,500006,Teaching Salaries,6100,1000/68448101,8448-ED DELIVERY,#,#,2001018971,NORTH SHOALHAVEN COS PROJECT,,274.92
6500034145,01.06.2020,#,500044,Leave Load- Sch bsd,6100,1000/68448101,8448-ED DELIVERY,#,#,2001018971,NORTH SHOALHAVEN COS PROJECT,,3.69
6500034145,01.06.2020,#,503337,Super Defined Contbn,6100,1000/68448101,8448-ED DELIVERY,#,#,2001018971,NORTH SHOALHAVEN COS PROJECT,,29.88
6500034145,01.06.2020,#,504449,Payroll Tax,6100,1000/68448101,8448-ED DELIVERY,#,#,2001018971,NORTH SHOALHAVEN COS PROJECT,,14.97
6500034145,01.06.2020,#,504453,Payroll Tax Super DC,6100,1000/68448101,8448-ED DELIVERY,#,#,2001018971,NORTH SHOALHAVEN COS PROJECT,,1.44
6500034385,01.07.2020,#,500006,Teaching Salaries,6100,1000/68448101,8448-ED DELIVERY,#,#,2001018971,NORTH SHOALHAVEN COS PROJECT,,(274.92)
6500034385,01.07.2020,#,500044,Leave Load- Sch bsd,6100,1000/68448101,8448-ED DELIVERY,#,#,2001018971,NORTH SHOALHAVEN COS PROJECT,,(3.69)
6500034385,01.07.2020,#,503337,Super Defined Contbn,6100,1000/68448101,8448-ED DELIVERY,#,#,2001018971,NORTH SHOALHAVEN COS PROJECT,,(29.88)
6500034385,01.07.2020,#,504449,Payroll Tax,6100,1000/68448101,8448-ED DELIVERY,#,#,2001018971,NORTH SHOALHAVEN COS PROJECT,,(14.97)
6500034385,01.07.2020,#,504453,Payroll Tax Super DC,6100,1000/68448101,8448-ED DELIVERY,#,#,2001018971,NORTH SHOALHAVEN COS PROJECT,,(1.44)
6500035607,01.07.2020,#,500006,Teaching Salaries,6100,1000/68448101,8448-ED DELIVERY,#,#,2001018971,NORTH SHOALHAVEN COS PROJECT,,549.90
6500035607,01.07.2020,#,500044,Leave Load- Sch bsd,6100,1000/68448101,8448-ED DELIVERY,#,#,2001018971,NORTH SHOALHAVEN COS PROJECT,,7.38
6500035607,01.07.2020,#,503337,Super Defined Contbn,6100,1000/68448101,8448-ED DELIVERY,#,#,2001018971,NORTH SHOALHAVEN COS PROJECT,,59.76
6500035607,01.07.2020,#,504449,Payroll Tax,6100,1000/68448101,8448-ED DELIVERY,#,#,2001018971,NORTH SHOALHAVEN COS PROJECT,,30.00
6500035607,01.07.2020,#,504453,Payroll Tax Super DC,6100,1000/68448101,8448-ED DELIVERY,#,#,2001018971,NORTH SHOALHAVEN COS PROJECT,,2.88
6500035786,01.08.2020,#,500006,Teaching Salaries,6100,1000/68448101,8448-ED DELIVERY,#,#,2001018971,NORTH SHOALHAVEN COS PROJECT,,(549.90)
6500035786,01.08.2020,#,500044,Leave Load- Sch bsd,6100,1000/68448101,8448-ED DELIVERY,#,#,2001018971,NORTH SHOALHAVEN COS PROJECT,,(7.38)
6500035786,01.08.2020,#,503337,Super Defined Contbn,6100,1000/68448101,8448-ED DELIVERY,#,#,2001018971,NORTH SHOALHAVEN COS PROJECT,,(59.76)
6500035786,01.08.2020,#,504449,Payroll Tax,6100,1000/68448101,8448-ED DELIVERY,#,#,2001018971,NORTH SHOALHAVEN COS PROJECT,,(30.00)
6500035786,01.08.2020,#,504453,Payroll Tax Super DC,6100,1000/68448101,8448-ED DELIVERY,#,#,2001018971,NORTH SHOALHAVEN COS PROJECT,,(2.88)
6500037273,01.08.2020,#,500006,Teaching Salaries,6100,1000/68448101,8448-ED DELIVERY,#,#,2001018971,NORTH SHOALHAVEN COS PROJECT,,577.36
6500037273,01.08.2020,#,500044,Leave Load- Sch bsd,6100,1000/68448101,8448-ED DELIVERY,#,#,2001018971,NORTH SHOALHAVEN COS PROJECT,,7.77
6500037273,01.08.2020,#,503337,Super Defined Contbn,6100,1000/68448101,8448-ED DELIVERY,#,#,2001018971,NORTH SHOALHAVEN COS PROJECT,,62.79
6500037273,01.08.2020,#,504449,Payroll Tax,6100,1000/68448101,8448-ED DELIVERY,#,#,2001018971,NORTH SHOALHAVEN COS PROJECT,,31.50
6500037273,01.08.2020,#,504453,Payroll Tax Super DC,6100,1000/68448101,8448-ED DELIVERY,#,#,2001018971,NORTH SHOALHAVEN COS PROJECT,,3.01
6500037543,01.09.2020,#,500006,Teaching Salaries,6100,1000/68448101,8448-ED DELIVERY,#,#,2001018971,NORTH SHOALHAVEN COS PROJECT,,(577.36)
6500037543,01.09.2020,#,500044,Leave Load- Sch bsd,6100,1000/68448101,8448-ED DELIVERY,#,#,2001018971,NORTH SHOALHAVEN COS PROJECT,,(7.77)
6500037543,01.09.2020,#,503337,Super Defined Contbn,6100,1000/68448101,8448-ED DELIVERY,#,#,2001018971,NORTH SHOALHAVEN COS PROJECT,,(62.79)
6500037543,01.09.2020,#,504449,Payroll Tax,6100,1000/68448101,8448-ED DELIVERY,#,#,2001018971,NORTH SHOALHAVEN COS PROJECT,,(31.50)
6500037543,01.09.2020,#,504453,Payroll Tax Super DC,6100,1000/68448101,8448-ED DELIVERY,#,#,2001018971,NORTH SHOALHAVEN COS PROJECT,,(3.01)
6500038077,01.08.2020,#,500007,SASS Salaries,6100,1000/68448101,8448-ED DELIVERY,#,#,2001018971,NORTH SHOALHAVEN COS PROJECT,,91.79
6500038077,01.08.2020,#,500044,Leave Load- Sch bsd,6100,1000/68448101,8448-ED DELIVERY,#,#,2001018971,NORTH SHOALHAVEN COS PROJECT,,1.26
6500038077,01.08.2020,#,503337,Super Defined Contbn,6100,1000/68448101,8448-ED DELIVERY,#,#,2001018971,NORTH SHOALHAVEN COS PROJECT,,10.01
6500038077,01.08.2020,#,504449,Payroll Tax,6100,1000/68448101,8448-ED DELIVERY,#,#,2001018971,NORTH SHOALHAVEN COS PROJECT,,5.04
6500038077,01.08.2020,#,504453,Payroll Tax Super DC,6100,1000/68448101,8448-ED DELIVERY,#,#,2001018971,NORTH SHOALHAVEN COS PROJECT,,0.49
6500038366,01.09.2020,#,500007,SASS Salaries,6100,1000/68448101,8448-ED DELIVERY,#,#,2001018971,NORTH SHOALHAVEN COS PROJECT,,(91.79)
6500038366,01.09.2020,#,500044,Leave Load- Sch bsd,6100,1000/68448101,8448-ED DELIVERY,#,#,2001018971,NORTH SHOALHAVEN COS PROJECT,,(1.26)
6500038366,01.09.2020,#,503337,Super Defined Contbn,6100,1000/68448101,8448-ED DELIVERY,#,#,2001018971,NORTH SHOALHAVEN COS PROJECT,,(10.01)
6500038366,01.09.2020,#,504449,Payroll Tax,6100,1000/68448101,8448-ED DELIVERY,#,#,2001018971,NORTH SHOALHAVEN COS PROJECT,,(5.04)
6500038366,01.09.2020,#,504453,Payroll Tax Super DC,6100,1000/68448101,8448-ED DELIVERY,#,#,2001018971,NORTH SHOALHAVEN COS PROJECT,,(0.49)
6500039580,01.10.2020,#,500006,Teaching Salaries,6100,1000/68448101,8448-ED DELIVERY,#,#,2001018971,NORTH SHOALHAVEN COS PROJECT,,(366.84)
6500039580,01.10.2020,#,500044,Leave Load- Sch bsd,6100,1000/68448101,8448-ED DELIVERY,#,#,2001018971,NORTH SHOALHAVEN COS PROJECT,,(4.92)
6500039580,01.10.2020,#,503337,Super Defined Contbn,6100,1000/68448101,8448-ED DELIVERY,#,#,2001018971,NORTH SHOALHAVEN COS PROJECT,,(39.90)
6500039580,01.10.2020,#,504449,Payroll Tax,6100,1000/68448101,8448-ED DELIVERY,#,#,2001018971,NORTH SHOALHAVEN COS PROJECT,,(19.98)
6500039580,01.10.2020,#,504453,Payroll Tax Super DC,6100,1000/68448101,8448-ED DELIVERY,#,#,2001018971,NORTH SHOALHAVEN COS PROJECT,,(1.92)
6500039712,01.09.2020,#,500006,Teaching Salaries,6100,1000/68448101,8448-ED DELIVERY,#,#,2001018971,NORTH SHOALHAVEN COS PROJECT,,366.84
6500039712,01.09.2020,#,500044,Leave Load- Sch bsd,6100,1000/68448101,8448-ED DELIVERY,#,#,2001018971,NORTH SHOALHAVEN COS PROJECT,,4.92
6500039712,01.09.2020,#,503337,Super Defined Contbn,6100,1000/68448101,8448-ED DELIVERY,#,#,2001018971,NORTH SHOALHAVEN COS PROJECT,,39.90
6500039712,01.09.2020,#,504449,Payroll Tax,6100,1000/68448101,8448-ED DELIVERY,#,#,2001018971,NORTH SHOALHAVEN COS PROJECT,,19.98
6500039712,01.09.2020,#,504453,Payroll Tax Super DC,6100,1000/68448101,8448-ED DELIVERY,#,#,2001018971,NORTH SHOALHAVEN COS PROJECT,,1.92
